Customer_ID,Name,Email,Sign_Up_Date,Last_Order_Date,Total_Orders,Total_Spent
77332,Jane Johnson,jane.johnson@example.com,2023-11-25,2023-12-06,16,1550.19
4788,Sara Doe,sara.doe@example.com,2023-12-28,2024-07-04,37,2677.33
90054,Olivia Doe,olivia.doe@example.com,2023-08-12,2023-11-07,47,5850.91
8477,Emily Brown,emily.brown@example.com,2023-08-13,2023-12-22,40,7878.15
83251,Michael Garcia,michael.garcia@example.com,2023-02-10,2023-06-17,37,2365.06
81924,Chris Brown,chris.brown@example.com,2023-10-14,2024-02-18,13,627.62
22206,Michael Johnson,michael.johnson@example.com,2023-10-02,2024-03-06,16,1814.03
39078,Michael Martinez,michael.martinez@example.com,2023-03-01,2023-04-29,22,1208.29
56030,Emily Davis,emily.davis@example.com,2023-06-18,2023-07-14,29,1740.9
43290,Emily Miller,emily.miller@example.com,2023-04-03,2023-04-24,6,257.87
60087,Chris Davis,chris.davis@example.com,2023-12-05,2024-06-11,13,1451.35
29533,Robert Brown,robert.brown@example.com,2023-01-29,2023-03-18,31,1139.06
8199,Michael Garcia,michael.garcia@example.com,2023-06-05,2023-07-17,13,1613.27
22943,Olivia Smith,olivia.smith@example.com,2023-09-10,2024-01-23,32,3016.6
11814,Olivia Martinez,olivia.martinez@example.com,2023-03-06,2023-07-12,24,2157.85
50317,Emily Smith,emily.smith@example.com,2023-02-02,2023-06-11,18,3036.28
98166,Emily Martinez,emily.martinez@example.com,2023-12-02,2024-03-04,12,686.59
62457,Alex Smith,alex.smith@example.com,2023-12-08,2024-04-13,47,7180.83
75054,Emily Garcia,emily.garcia@example.com,2023-07-29,2024-01-20,25,1452.8
38747,Chris Miller,chris.miller@example.com,2023-10-29,2024-01-21,47,6887.48
29733,Jane Doe,jane.doe@example.com,2023-08-23,2023-12-26,15,2078.24
18292,Michael Miller,michael.miller@example.com,2023-07-31,2024-01-09,34,2598.84
79381,Chris Miller,chris.miller@example.com,2023-06-17,2023-10-29,39,1059.44
40073,Michael Garcia,michael.garcia@example.com,2023-08-30,2023-11-12,9,440.35
65719,Emily Brown,emily.brown@example.com,2023-09-03,2023-09-18,14,559.55
2761,Jane Brown,jane.brown@example.com,2023-06-18,2023-08-21,8,446.27
70672,Michael Martinez,michael.martinez@example.com,2023-04-21,2023-10-29,45,4330.88
66235,Jane Martinez,jane.martinez@example.com,2023-05-27,2023-07-27,47,4992.38
66409,Linda Doe,linda.doe@example.com,2023-06-11,2023-11-06,39,7104.13
7713,Alex Johnson,alex.johnson@example.com,2023-06-03,2023-11-15,38,2497.68
50395,Sara Doe,sara.doe@example.com,2023-04-29,2023-05-12,6,287.0
93786,Olivia Martinez,olivia.martinez@example.com,2023-04-24,2023-07-11,25,2887.07
57196,Olivia Brown,olivia.brown@example.com,2023-09-27,2024-02-07,33,2483.99
83356,Alex Garcia,alex.garcia@example.com,2023-02-26,2023-04-22,28,4646.38
50160,Michael Miller,michael.miller@example.com,2023-01-22,2023-06-21,14,1310.49
8467,Chris Brown,chris.brown@example.com,2023-09-25,2024-03-22,15,1119.17
11204,Linda Davis,linda.davis@example.com,2023-08-01,2023-10-16,34,6721.89
25595,Linda Johnson,linda.johnson@example.com,2023-09-18,2024-03-27,33,5274.74
76228,John Garcia,john.garcia@example.com,2023-06-18,2023-12-28,30,1838.91
78032,Olivia Miller,olivia.miller@example.com,2023-11-19,2024-01-10,16,2160.17
81507,John Martinez,john.martinez@example.com,2023-02-10,2023-06-24,45,7665.39
59984,Chris Doe,chris.doe@example.com,2023-01-19,2023-05-25,20,2688.7
17884,Emily Brown,emily.brown@example.com,2023-11-07,2024-03-30,44,1954.65
43939,Linda Martinez,linda.martinez@example.com,2023-08-27,2023-12-07,29,5550.13
54297,John Smith,john.smith@example.com,2023-05-04,2023-06-29,20,935.63
21884,Linda Garcia,linda.garcia@example.com,2023-08-22,2024-02-23,24,3912.02
5717,Jane Brown,jane.brown@example.com,2023-11-15,2024-02-21,41,2901.59
91901,Michael Smith,michael.smith@example.com,2023-12-28,2024-06-05,5,547.36
57845,Alex Doe,alex.doe@example.com,2023-02-21,2023-04-04,3,321.82
66044,Jane Johnson,jane.johnson@example.com,2023-07-24,2024-01-10,31,4204.38
90043,Alex Martinez,alex.martinez@example.com,2023-10-25,2023-12-01,37,1785.72
6001,Robert Smith,robert.smith@example.com,2023-01-08,2023-05-12,22,864.51
35976,Sara Davis,sara.davis@example.com,2023-09-25,2024-02-20,37,5337.71
96618,John Martinez,john.martinez@example.com,2023-12-18,2024-03-10,32,6343.82
23912,John Davis,john.davis@example.com,2023-02-09,2023-06-15,19,1901.4
93791,Robert Smith,robert.smith@example.com,2023-01-17,2023-04-24,47,8284.16
52151,Linda Johnson,linda.johnson@example.com,2023-04-14,2023-05-07,11,2090.03
8410,Robert Johnson,robert.johnson@example.com,2023-02-19,2023-08-17,4,302.75
63651,Emily Miller,emily.miller@example.com,2023-11-11,2023-12-20,27,2794.12
37476,Jane Davis,jane.davis@example.com,2023-08-13,2024-01-23,35,712.49
52597,Olivia Martinez,olivia.martinez@example.com,2023-08-15,2023-12-08,45,7998.51
53711,Linda Martinez,linda.martinez@example.com,2023-11-16,2024-04-09,26,4487.48
74371,Jane Brown,jane.brown@example.com,2023-01-04,2023-03-31,24,2329.88
57954,Michael Miller,michael.miller@example.com,2023-07-12,2023-11-23,11,1143.06
15969,Jane Davis,jane.davis@example.com,2023-07-29,2023-09-18,32,3107.99
82094,John Brown,john.brown@example.com,2023-05-30,2023-11-14,25,4180.28
88057,Alex Doe,alex.doe@example.com,2023-04-30,2023-10-14,6,993.32
71125,Emily Miller,emily.miller@example.com,2023-09-04,2024-01-20,21,2497.51
47486,Olivia Brown,olivia.brown@example.com,2023-06-10,2023-08-21,36,6580.74
36843,Emily Garcia,emily.garcia@example.com,2023-04-02,2023-08-27,32,5963.6
47551,Jane Johnson,jane.johnson@example.com,2023-08-25,2023-09-27,1,177.38
36531,Sara Miller,sara.miller@example.com,2023-09-13,2023-10-23,16,1776.05
49279,Sara Martinez,sara.martinez@example.com,2023-05-10,2023-09-30,18,476.1
99162,Sara Johnson,sara.johnson@example.com,2023-01-07,2023-05-05,38,5481.23
25274,Alex Miller,alex.miller@example.com,2023-05-19,2023-07-18,49,1023.83
37909,John Doe,john.doe@example.com,2023-11-16,2023-11-22,22,2720.65
49251,Linda Miller,linda.miller@example.com,2023-01-14,2023-07-13,44,5024.62
21016,Jane Miller,jane.miller@example.com,2023-07-07,2024-01-05,16,2461.32
30647,Alex Doe,alex.doe@example.com,2023-08-12,2023-09-29,3,485.07
79592,Michael Miller,michael.miller@example.com,2023-01-10,2023-03-17,3,590.45
65477,Emily Smith,emily.smith@example.com,2023-10-01,2024-02-12,3,104.91
51413,Emily Davis,emily.davis@example.com,2023-05-12,2023-05-29,28,4518.58
72230,Jane Smith,jane.smith@example.com,2023-04-30,2023-07-11,19,2660.52
27026,Sara Davis,sara.davis@example.com,2023-09-08,2024-01-07,35,1651.94
12133,Jane Davis,jane.davis@example.com,2023-10-09,2024-02-22,31,1115.52
42936,Sara Miller,sara.miller@example.com,2023-03-26,2023-04-07,12,2274.84
74476,Alex Davis,alex.davis@example.com,2023-08-22,2024-02-23,39,7681.36
24784,Linda Garcia,linda.garcia@example.com,2023-09-17,2024-03-03,5,514.38
53004,Alex Brown,alex.brown@example.com,2023-04-06,2023-09-29,16,2578.91
75934,Robert Miller,robert.miller@example.com,2023-10-09,2024-02-20,17,3352.03
4120,Olivia Davis,olivia.davis@example.com,2023-12-10,2024-03-21,1,150.82
1095,Michael Miller,michael.miller@example.com,2023-10-09,2024-01-28,24,2880.79
91054,Alex Smith,alex.smith@example.com,2023-10-27,2024-05-06,6,816.14
71384,Linda Doe,linda.doe@example.com,2023-08-08,2023-12-30,13,1178.83
8585,Michael Smith,michael.smith@example.com,2023-09-28,2024-03-08,45,5391.77
96714,Linda Smith,linda.smith@example.com,2023-11-24,2024-03-19,37,5254.51
76814,John Davis,john.davis@example.com,2023-08-27,2024-01-25,17,3017.86
55366,Alex Miller,alex.miller@example.com,2023-09-02,2023-09-10,30,5077.51
59287,Robert Johnson,robert.johnson@example.com,2023-12-10,2024-05-21,29,3493.19
56988,Olivia Miller,olivia.miller@example.com,2023-04-30,2023-05-15,24,2638.48
77928,Jane Smith,jane.smith@example.com,2023-10-08,2024-03-27,17,1585.27
58120,Robert Garcia,robert.garcia@example.com,2023-07-01,2023-12-24,1,152.24
58444,Emily Johnson,emily.johnson@example.com,2023-04-26,2023-07-26,18,516.24
24791,Linda Smith,linda.smith@example.com,2023-06-06,2023-08-13,23,3740.61
87868,Sara Miller,sara.miller@example.com,2023-12-15,2024-01-09,25,4463.74
94528,Robert Garcia,robert.garcia@example.com,2023-06-21,2023-11-24,33,6228.94
76701,Sara Martinez,sara.martinez@example.com,2023-07-21,2024-01-24,3,533.91
27921,Olivia Martinez,olivia.martinez@example.com,2023-06-30,2024-01-13,1,175.49
35473,Chris Johnson,chris.johnson@example.com,2023-06-05,2023-06-16,17,2824.48
55859,Jane Davis,jane.davis@example.com,2023-11-26,2024-01-19,23,579.49
32571,Olivia Doe,olivia.doe@example.com,2023-12-13,2024-05-23,37,1302.87
18602,Alex Martinez,alex.martinez@example.com,2023-11-07,2023-11-12,17,1141.47
47026,Chris Martinez,chris.martinez@example.com,2023-05-02,2023-10-23,37,7249.59
39465,Michael Martinez,michael.martinez@example.com,2023-07-08,2023-08-24,34,6551.32
11402,Olivia Garcia,olivia.garcia@example.com,2023-02-11,2023-04-03,2,264.28
98603,Emily Smith,emily.smith@example.com,2023-09-20,2023-11-05,21,1593.29
55239,Jane Martinez,jane.martinez@example.com,2023-08-10,2023-12-26,34,6758.04
24548,Olivia Doe,olivia.doe@example.com,2023-05-11,2023-08-28,10,1815.32
33066,Linda Doe,linda.doe@example.com,2023-12-19,2024-03-28,37,6107.52
6572,Olivia Brown,olivia.brown@example.com,2023-11-17,2024-01-15,17,2911.56
69607,Robert Martinez,robert.martinez@example.com,2023-06-05,2023-12-13,8,386.92
96842,Olivia Doe,olivia.doe@example.com,2023-09-24,2024-01-30,26,2727.86
53373,Sara Smith,sara.smith@example.com,2023-07-20,2023-11-10,37,871.32
81699,Jane Brown,jane.brown@example.com,2023-02-21,2023-09-05,19,3212.51
66865,John Martinez,john.martinez@example.com,2023-03-15,2023-06-15,2,232.23
56153,Robert Doe,robert.doe@example.com,2023-04-21,2023-05-06,41,2880.17
41001,Michael Davis,michael.davis@example.com,2023-10-05,2024-01-25,24,2900.64
32444,Chris Johnson,chris.johnson@example.com,2023-02-25,2023-07-16,44,5426.45
90233,John Miller,john.miller@example.com,2023-09-05,2023-10-16,41,1671.55
71741,Olivia Brown,olivia.brown@example.com,2023-06-18,2023-12-19,5,270.19
11971,Olivia Davis,olivia.davis@example.com,2023-09-26,2024-01-02,13,1473.04
13173,John Brown,john.brown@example.com,2023-11-24,2024-05-10,21,4079.78
53172,Jane Garcia,jane.garcia@example.com,2023-10-17,2024-03-19,20,2575.88
76572,Jane Garcia,jane.garcia@example.com,2023-11-15,2024-05-06,18,1420.11
78693,Emily Smith,emily.smith@example.com,2023-01-04,2023-07-10,27,2659.22
16528,Emily Davis,emily.davis@example.com,2023-04-27,2023-05-12,26,2470.04
32120,Olivia Doe,olivia.doe@example.com,2023-07-22,2023-10-20,45,7627.1
9938,Emily Doe,emily.doe@example.com,2023-05-16,2023-08-10,6,717.47
47193,Emily Brown,emily.brown@example.com,2023-05-15,2023-11-05,8,1599.37
83161,Olivia Martinez,olivia.martinez@example.com,2023-01-11,2023-01-28,10,260.37
20208,Emily Garcia,emily.garcia@example.com,2023-06-18,2023-10-23,40,6527.16
14599,Chris Doe,chris.doe@example.com,2023-08-05,2023-12-13,24,3507.39
45028,Robert Miller,robert.miller@example.com,2023-06-03,2023-06-17,41,6047.45
40486,Robert Johnson,robert.johnson@example.com,2023-08-17,2023-12-18,32,2992.12
68480,Chris Johnson,chris.johnson@example.com,2023-07-28,2023-11-10,47,3551.86
18234,Robert Martinez,robert.martinez@example.com,2023-09-04,2023-09-29,3,525.12
48464,Sara Garcia,sara.garcia@example.com,2023-12-21,2024-06-15,8,1158.53
53947,Sara Davis,sara.davis@example.com,2023-04-01,2023-08-07,18,1824.05
85225,Michael Davis,michael.davis@example.com,2023-11-21,2024-03-19,2,202.88
42425,Jane Garcia,jane.garcia@example.com,2023-10-03,2023-12-17,6,1141.87
10785,Chris Garcia,chris.garcia@example.com,2023-03-04,2023-05-17,46,1848.18
79840,John Martinez,john.martinez@example.com,2023-08-25,2023-10-12,17,2713.37
52373,Sara Smith,sara.smith@example.com,2023-01-10,2023-02-18,20,2780.16
76397,Linda Davis,linda.davis@example.com,2023-08-02,2023-09-22,45,7131.43
48807,Linda Miller,linda.miller@example.com,2023-12-02,2023-12-06,24,1880.35
95435,Emily Garcia,emily.garcia@example.com,2023-07-10,2023-09-11,24,959.33
97983,Michael Johnson,michael.johnson@example.com,2023-04-22,2023-11-07,3,423.65
15206,Jane Johnson,jane.johnson@example.com,2023-10-18,2024-01-05,35,1406.2
82455,John Garcia,john.garcia@example.com,2023-10-20,2023-12-13,16,2536.89
28411,Emily Davis,emily.davis@example.com,2023-09-03,2024-02-16,36,5307.35
7269,Alex Garcia,alex.garcia@example.com,2023-01-28,2023-02-04,26,3881.76
28248,Michael Brown,michael.brown@example.com,2023-11-06,2024-03-04,16,1852.13
25948,Jane Doe,jane.doe@example.com,2023-08-31,2024-01-01,44,5722.3
50211,Olivia Davis,olivia.davis@example.com,2023-08-13,2023-09-02,42,6286.83
12481,Emily Miller,emily.miller@example.com,2023-11-14,2024-01-05,8,1457.88
87066,Jane Martinez,jane.martinez@example.com,2023-06-24,2023-10-29,21,1139.32
37956,Robert Doe,robert.doe@example.com,2023-06-26,2023-09-29,37,3728.01
97481,Olivia Garcia,olivia.garcia@example.com,2023-03-15,2023-05-07,6,350.66
13276,John Garcia,john.garcia@example.com,2023-02-07,2023-02-20,10,920.79
1972,Emily Brown,emily.brown@example.com,2023-08-29,2023-12-15,22,1433.13
98145,Olivia Johnson,olivia.johnson@example.com,2023-05-06,2023-06-29,9,1447.54
18598,Jane Garcia,jane.garcia@example.com,2023-08-29,2023-10-24,48,8085.58
8096,Linda Smith,linda.smith@example.com,2023-06-22,2023-12-21,49,9465.54
56707,Emily Smith,emily.smith@example.com,2023-12-07,2024-05-07,4,222.0
66417,Alex Doe,alex.doe@example.com,2023-02-13,2023-07-14,37,3145.0
31250,Chris Miller,chris.miller@example.com,2023-01-29,2023-03-30,31,4946.03
95918,Emily Johnson,emily.johnson@example.com,2023-12-10,2024-05-16,41,5895.36
64886,Olivia Davis,olivia.davis@example.com,2023-07-02,2023-10-25,25,4683.92
6212,Emily Garcia,emily.garcia@example.com,2023-05-24,2023-11-30,25,2323.98
68238,Alex Smith,alex.smith@example.com,2023-08-26,2024-03-11,45,3701.05
19223,Emily Doe,emily.doe@example.com,2023-03-30,2023-09-27,26,4336.79
14984,Michael Johnson,michael.johnson@example.com,2023-08-29,2023-10-24,40,3079.03
81296,Linda Miller,linda.miller@example.com,2023-08-03,2023-12-19,11,507.61
95928,Alex Martinez,alex.martinez@example.com,2023-08-11,2023-09-07,22,3853.83
31431,Chris Davis,chris.davis@example.com,2023-02-09,2023-05-15,25,3599.31
11383,Alex Miller,alex.miller@example.com,2023-06-28,2023-09-21,28,4945.56
16440,Olivia Davis,olivia.davis@example.com,2023-08-02,2023-11-02,17,1839.5
96075,Michael Smith,michael.smith@example.com,2023-08-08,2024-02-16,49,3432.19
90493,Emily Davis,emily.davis@example.com,2023-06-29,2023-07-12,43,2003.25
58672,Michael Johnson,michael.johnson@example.com,2023-06-03,2023-09-30,10,508.11
4075,Jane Garcia,jane.garcia@example.com,2023-03-20,2023-05-13,15,870.11
24154,Michael Johnson,michael.johnson@example.com,2023-09-04,2024-02-24,41,3759.97
75453,Emily Davis,emily.davis@example.com,2023-01-17,2023-07-25,43,1463.03
90374,Olivia Miller,olivia.miller@example.com,2023-11-30,2024-04-16,12,618.45
77143,Alex Miller,alex.miller@example.com,2023-02-21,2023-04-23,17,2349.21
84416,Jane Davis,jane.davis@example.com,2023-04-16,2023-08-06,27,3744.37
82964,Michael Smith,michael.smith@example.com,2023-06-02,2023-08-07,15,1134.54
27027,Linda Doe,linda.doe@example.com,2023-02-16,2023-04-01,34,4065.03
35198,John Garcia,john.garcia@example.com,2023-06-09,2023-08-13,29,4920.5
3238,Linda Smith,linda.smith@example.com,2023-06-09,2023-10-07,44,3355.24
73467,Alex Martinez,alex.martinez@example.com,2023-08-30,2023-12-21,18,2321.56
96042,Emily Brown,emily.brown@example.com,2023-05-19,2023-07-07,19,2654.52
48272,Linda Martinez,linda.martinez@example.com,2023-06-28,2023-11-19,26,3742.38
98261,Sara Doe,sara.doe@example.com,2023-03-29,2023-09-10,42,6166.9
63581,Sara Doe,sara.doe@example.com,2023-11-16,2024-04-08,28,4332.29
24041,Emily Garcia,emily.garcia@example.com,2023-10-24,2023-10-31,22,4101.06
6586,Michael Martinez,michael.martinez@example.com,2023-01-07,2023-06-23,34,1203.37
21242,Alex Davis,alex.davis@example.com,2023-03-31,2023-06-17,35,3601.76
80682,Emily Garcia,emily.garcia@example.com,2023-10-25,2023-12-09,2,137.05
40399,Alex Brown,alex.brown@example.com,2023-05-19,2023-09-30,32,6241.6
20421,Olivia Brown,olivia.brown@example.com,2023-01-30,2023-03-09,12,2009.71
65064,John Garcia,john.garcia@example.com,2023-01-01,2023-03-09,20,1115.66
9235,Sara Smith,sara.smith@example.com,2023-12-14,2024-05-25,4,336.35
38008,Alex Doe,alex.doe@example.com,2023-06-26,2023-10-03,31,1929.7
44285,John Davis,john.davis@example.com,2023-09-30,2024-02-27,4,333.89
92822,Robert Johnson,robert.johnson@example.com,2023-11-08,2023-12-30,5,293.09
8131,Robert Brown,robert.brown@example.com,2023-04-09,2023-08-30,14,2080.01
97543,Chris Davis,chris.davis@example.com,2023-04-12,2023-06-07,12,2117.95
7946,Chris Smith,chris.smith@example.com,2023-01-20,2023-02-09,22,3584.78
96824,Olivia Martinez,olivia.martinez@example.com,2023-07-02,2024-01-03,38,6840.03
83923,Alex Doe,alex.doe@example.com,2023-12-04,2024-05-22,8,1439.81
69792,John Johnson,john.johnson@example.com,2023-11-19,2024-03-21,3,585.48
33703,Michael Johnson,michael.johnson@example.com,2023-03-05,2023-08-29,31,4736.61
44470,Robert Garcia,robert.garcia@example.com,2023-11-17,2024-01-18,26,3158.22
94675,Sara Garcia,sara.garcia@example.com,2023-04-23,2023-08-10,11,1445.33
28382,Emily Garcia,emily.garcia@example.com,2023-03-30,2023-05-27,10,595.52
90436,Linda Martinez,linda.martinez@example.com,2023-01-21,2023-04-06,13,2504.05
42938,Linda Doe,linda.doe@example.com,2023-11-05,2024-03-22,24,3890.57
36411,Sara Doe,sara.doe@example.com,2023-02-28,2023-06-27,18,1175.4
49435,Olivia Smith,olivia.smith@example.com,2023-12-03,2024-01-05,12,2012.32
65236,Michael Johnson,michael.johnson@example.com,2023-01-03,2023-04-02,4,162.02
21527,Jane Johnson,jane.johnson@example.com,2023-11-04,2023-12-24,11,1053.24
1599,Olivia Johnson,olivia.johnson@example.com,2023-07-21,2023-10-09,30,5116.66
13961,Linda Garcia,linda.garcia@example.com,2023-05-10,2023-08-10,48,967.18
53068,Sara Garcia,sara.garcia@example.com,2023-02-03,2023-05-22,7,517.58
9057,Sara Smith,sara.smith@example.com,2023-10-22,2023-11-06,33,796.3
79995,Jane Doe,jane.doe@example.com,2023-10-02,2024-03-25,45,6704.9
26373,John Doe,john.doe@example.com,2023-12-24,2024-05-13,15,2607.59
52045,Michael Smith,michael.smith@example.com,2023-01-10,2023-05-10,17,2781.54
33786,Olivia Davis,olivia.davis@example.com,2023-03-11,2023-04-07,27,911.4
48517,Sara Doe,sara.doe@example.com,2023-08-05,2024-01-16,24,3814.85
66493,Chris Davis,chris.davis@example.com,2023-10-24,2024-03-01,48,2577.73
62780,Michael Davis,michael.davis@example.com,2023-01-13,2023-03-07,34,3363.96
17470,Sara Johnson,sara.johnson@example.com,2023-10-20,2024-03-31,36,2568.68
82956,Alex Smith,alex.smith@example.com,2023-09-11,2023-10-21,13,1221.47
65668,Emily Martinez,emily.martinez@example.com,2023-09-02,2023-09-12,17,905.21
74086,Emily Davis,emily.davis@example.com,2023-04-15,2023-05-31,32,4686.25
70232,Emily Miller,emily.miller@example.com,2023-06-16,2023-12-28,16,2710.57
76275,Jane Doe,jane.doe@example.com,2023-10-09,2024-02-11,27,3390.02
81294,Linda Garcia,linda.garcia@example.com,2023-08-08,2023-11-27,41,3159.03
98686,Michael Smith,michael.smith@example.com,2023-03-23,2023-06-04,20,1484.01
62318,Sara Johnson,sara.johnson@example.com,2023-05-11,2023-05-19,27,4732.41
64936,Chris Garcia,chris.garcia@example.com,2023-01-25,2023-05-17,29,826.51
39694,Chris Martinez,chris.martinez@example.com,2023-03-07,2023-04-12,46,1588.95
28287,Olivia Brown,olivia.brown@example.com,2023-11-21,2024-03-28,15,1224.78
26012,Sara Miller,sara.miller@example.com,2023-02-26,2023-06-02,49,3407.26
88972,Emily Doe,emily.doe@example.com,2023-01-27,2023-02-10,41,5549.43
55340,Alex Brown,alex.brown@example.com,2023-01-02,2023-05-19,40,4248.58
14005,John Davis,john.davis@example.com,2023-06-24,2023-07-10,14,2012.57
72984,Sara Garcia,sara.garcia@example.com,2023-07-06,2023-11-10,38,3683.48
46649,Jane Miller,jane.miller@example.com,2023-08-02,2023-09-17,16,2847.15
72735,John Brown,john.brown@example.com,2023-06-14,2023-12-18,47,1290.98
67843,Emily Garcia,emily.garcia@example.com,2023-09-22,2024-03-02,23,3577.64
26614,Michael Doe,michael.doe@example.com,2023-06-11,2023-07-30,14,2235.55
36886,Linda Doe,linda.doe@example.com,2023-11-11,2024-05-15,38,6985.64
41418,Michael Miller,michael.miller@example.com,2023-08-18,2023-10-17,15,310.03
42976,Chris Garcia,chris.garcia@example.com,2023-12-08,2024-06-24,27,4859.21
65751,Linda Davis,linda.davis@example.com,2023-03-02,2023-07-17,32,1454.73
74236,Michael Smith,michael.smith@example.com,2023-06-02,2023-09-03,24,2493.54
35068,Chris Brown,chris.brown@example.com,2023-09-07,2024-01-30,11,496.22
42968,Olivia Garcia,olivia.garcia@example.com,2023-07-18,2023-08-31,39,6531.58
5296,Emily Doe,emily.doe@example.com,2023-05-08,2023-10-25,12,448.61
81901,Sara Smith,sara.smith@example.com,2023-06-29,2023-08-31,25,2866.6
65704,Jane Johnson,jane.johnson@example.com,2023-07-03,2023-07-08,49,6862.56
5604,Michael Martinez,michael.martinez@example.com,2023-11-28,2024-04-12,18,3566.67
48169,John Doe,john.doe@example.com,2023-05-12,2023-07-15,45,2447.28
38688,Jane Brown,jane.brown@example.com,2023-01-13,2023-02-07,11,916.14
79316,Emily Doe,emily.doe@example.com,2023-09-16,2023-11-10,13,2193.45
96579,Michael Brown,michael.brown@example.com,2023-06-21,2023-07-22,22,4143.57
47456,Robert Brown,robert.brown@example.com,2023-09-25,2024-03-10,9,408.4
47492,Emily Doe,emily.doe@example.com,2023-04-18,2023-08-02,5,266.39
89887,Jane Brown,jane.brown@example.com,2023-10-15,2023-11-29,38,2609.28
9133,Robert Martinez,robert.martinez@example.com,2023-01-26,2023-05-19,28,1666.16
94053,Michael Martinez,michael.martinez@example.com,2023-11-15,2024-05-07,33,4293.88
65898,Robert Miller,robert.miller@example.com,2023-04-03,2023-07-02,49,9412.45
58334,Linda Miller,linda.miller@example.com,2023-05-20,2023-09-28,27,2964.94
82489,Chris Miller,chris.miller@example.com,2023-12-05,2024-04-14,9,418.77
61168,Emily Garcia,emily.garcia@example.com,2023-04-02,2023-06-04,4,649.02
61211,Jane Smith,jane.smith@example.com,2023-07-06,2024-01-11,41,5807.58
75853,Robert Garcia,robert.garcia@example.com,2023-10-28,2024-04-14,14,1094.2
13129,Olivia Smith,olivia.smith@example.com,2023-12-01,2024-05-16,25,2512.07
94682,Jane Miller,jane.miller@example.com,2023-12-15,2024-01-25,31,1098.53
4239,Olivia Martinez,olivia.martinez@example.com,2023-07-31,2024-01-16,21,424.2
47511,Olivia Johnson,olivia.johnson@example.com,2023-05-02,2023-06-15,49,7327.34
76051,Chris Brown,chris.brown@example.com,2023-02-19,2023-04-19,28,2952.5
74331,Sara Miller,sara.miller@example.com,2023-05-04,2023-08-21,42,3269.84
47367,Robert Martinez,robert.martinez@example.com,2023-07-07,2023-08-27,46,6236.69
14428,Olivia Davis,olivia.davis@example.com,2023-12-15,2024-02-09,35,2682.17
10209,Chris Doe,chris.doe@example.com,2023-12-22,2024-02-06,45,7524.85
72767,Sara Davis,sara.davis@example.com,2023-02-11,2023-02-17,11,1987.2
84038,Robert Davis,robert.davis@example.com,2023-01-01,2023-01-28,14,1376.09
42625,John Smith,john.smith@example.com,2023-05-05,2023-07-06,16,3025.67
37439,Jane Martinez,jane.martinez@example.com,2023-10-24,2024-04-10,40,6811.6
24713,Chris Doe,chris.doe@example.com,2023-03-30,2023-06-14,21,1148.5
11825,Olivia Johnson,olivia.johnson@example.com,2023-01-11,2023-03-28,6,195.74
91656,Sara Martinez,sara.martinez@example.com,2023-07-17,2023-09-03,7,848.72
43147,Alex Miller,alex.miller@example.com,2023-01-22,2023-05-13,38,4219.26
92451,Alex Brown,alex.brown@example.com,2023-03-10,2023-04-24,29,4057.07
91807,Chris Smith,chris.smith@example.com,2023-08-22,2023-10-24,11,1578.66
86899,John Miller,john.miller@example.com,2023-09-07,2024-02-29,15,2962.49
91294,Linda Davis,linda.davis@example.com,2023-01-28,2023-06-27,9,488.58
59129,Emily Miller,emily.miller@example.com,2023-04-09,2023-04-27,2,372.64
70408,Michael Garcia,michael.garcia@example.com,2023-09-15,2024-02-02,48,9330.94
15594,Chris Doe,chris.doe@example.com,2023-11-14,2024-02-04,8,330.36
25549,Robert Davis,robert.davis@example.com,2023-06-08,2023-11-18,16,1678.99
91158,Emily Miller,emily.miller@example.com,2023-01-05,2023-02-09,16,2708.52
9263,Olivia Smith,olivia.smith@example.com,2023-12-03,2023-12-07,22,2650.19
33837,Alex Doe,alex.doe@example.com,2023-07-31,2023-10-10,9,231.55
64215,John Garcia,john.garcia@example.com,2023-08-15,2024-02-06,25,1460.38
71511,Michael Miller,michael.miller@example.com,2023-05-03,2023-07-26,43,5594.61
4256,Emily Garcia,emily.garcia@example.com,2023-04-06,2023-09-30,42,6606.08
52315,Jane Smith,jane.smith@example.com,2023-03-09,2023-04-26,7,630.33
18893,Alex Garcia,alex.garcia@example.com,2023-12-10,2024-05-14,7,1032.68
1727,Jane Martinez,jane.martinez@example.com,2023-01-03,2023-05-06,30,3648.9
11765,Linda Johnson,linda.johnson@example.com,2023-10-09,2024-01-03,19,3673.22
32921,John Davis,john.davis@example.com,2023-03-09,2023-06-28,22,1883.33
21790,Robert Miller,robert.miller@example.com,2023-02-11,2023-03-04,25,2196.62
18451,Chris Johnson,chris.johnson@example.com,2023-07-10,2023-09-01,12,1733.81
64388,Linda Martinez,linda.martinez@example.com,2023-04-12,2023-07-30,2,197.62
61510,Sara Davis,sara.davis@example.com,2023-05-20,2023-07-12,44,2377.84
13233,Sara Davis,sara.davis@example.com,2023-07-26,2023-10-04,35,4670.07
63500,Michael Doe,michael.doe@example.com,2023-06-24,2023-12-17,43,918.57
27225,Michael Doe,michael.doe@example.com,2023-08-14,2024-01-12,18,552.41
56157,Robert Davis,robert.davis@example.com,2023-10-05,2024-01-18,41,7699.28
75430,Olivia Doe,olivia.doe@example.com,2023-12-18,2024-02-19,1,35.78
66109,Chris Doe,chris.doe@example.com,2023-03-08,2023-08-13,20,1558.68
10361,Chris Martinez,chris.martinez@example.com,2023-08-30,2023-12-25,45,1547.29
13442,Emily Martinez,emily.martinez@example.com,2023-12-06,2023-12-23,45,2085.41
40055,John Smith,john.smith@example.com,2023-08-21,2024-02-21,19,2242.58
10770,Jane Martinez,jane.martinez@example.com,2023-11-02,2023-12-22,21,2909.73
1479,Michael Smith,michael.smith@example.com,2023-05-06,2023-06-23,4,454.29
25895,John Miller,john.miller@example.com,2023-10-26,2023-12-19,28,2512.01
75764,Emily Garcia,emily.garcia@example.com,2023-11-02,2024-01-19,29,4823.68
83334,John Davis,john.davis@example.com,2023-09-14,2024-02-08,3,129.24
76826,Michael Johnson,michael.johnson@example.com,2023-06-20,2023-12-12,21,3524.55
58670,Robert Davis,robert.davis@example.com,2023-11-18,2024-03-07,32,4715.11
10176,Michael Martinez,michael.martinez@example.com,2023-10-02,2024-01-15,13,1451.59
58314,Emily Brown,emily.brown@example.com,2023-09-05,2023-10-25,33,1012.24
29092,John Davis,john.davis@example.com,2023-08-04,2024-02-03,44,5418.9
39422,Alex Garcia,alex.garcia@example.com,2023-06-21,2023-10-14,31,3176.28
12794,Chris Martinez,chris.martinez@example.com,2023-11-19,2024-03-10,45,7861.84
4754,John Miller,john.miller@example.com,2023-11-03,2023-12-08,9,695.61
91245,Alex Garcia,alex.garcia@example.com,2023-11-20,2024-06-04,6,562.26
28059,Emily Smith,emily.smith@example.com,2023-08-15,2023-12-08,16,1354.53
41801,Jane Martinez,jane.martinez@example.com,2023-09-14,2023-12-08,12,1740.73
54723,Sara Martinez,sara.martinez@example.com,2023-03-29,2023-04-17,30,2869.04
69638,Alex Martinez,alex.martinez@example.com,2023-08-29,2024-02-28,19,917.21
43258,Michael Davis,michael.davis@example.com,2023-12-16,2024-03-28,2,45.6
34032,Sara Miller,sara.miller@example.com,2023-12-03,2024-05-09,20,1977.43
81139,Sara Doe,sara.doe@example.com,2023-01-31,2023-06-26,3,361.86
47599,Michael Miller,michael.miller@example.com,2023-08-29,2024-02-16,32,5082.59
66881,Jane Martinez,jane.martinez@example.com,2023-05-03,2023-05-21,2,205.94
14180,Sara Smith,sara.smith@example.com,2023-05-09,2023-06-02,32,923.39
58840,Alex Martinez,alex.martinez@example.com,2023-05-21,2023-06-26,25,4437.15
77649,Sara Martinez,sara.martinez@example.com,2023-06-10,2023-08-11,25,1624.8
59394,Chris Smith,chris.smith@example.com,2023-07-10,2023-07-17,47,2403.86
14869,Chris Davis,chris.davis@example.com,2023-12-05,2024-01-03,13,1554.45
92259,John Johnson,john.johnson@example.com,2023-08-12,2024-02-17,33,2878.94
32174,Sara Martinez,sara.martinez@example.com,2023-07-18,2023-08-30,29,1745.65
67881,Emily Smith,emily.smith@example.com,2023-07-30,2023-12-24,16,1550.02
93235,Jane Davis,jane.davis@example.com,2023-10-22,2024-03-28,7,706.79
96821,Chris Brown,chris.brown@example.com,2023-10-23,2023-11-11,16,3142.64
10958,John Johnson,john.johnson@example.com,2023-12-06,2024-04-30,22,3454.14
74591,Jane Davis,jane.davis@example.com,2023-01-10,2023-03-26,28,2782.36
77003,Linda Davis,linda.davis@example.com,2023-09-15,2023-10-26,43,4258.0
8987,Emily Martinez,emily.martinez@example.com,2023-12-13,2024-04-27,38,7476.94
86395,Chris Martinez,chris.martinez@example.com,2023-10-13,2024-02-22,20,2634.75
37994,Chris Smith,chris.smith@example.com,2023-06-02,2023-08-02,31,4617.23
48055,Linda Miller,linda.miller@example.com,2023-08-06,2024-02-05,13,1391.97
84901,John Garcia,john.garcia@example.com,2023-09-03,2023-09-18,10,634.59
68446,John Miller,john.miller@example.com,2023-10-24,2024-03-10,28,2420.57
17379,Alex Brown,alex.brown@example.com,2023-10-04,2024-03-13,33,5007.94
99062,Olivia Doe,olivia.doe@example.com,2023-10-18,2023-11-02,35,1583.19
25597,Chris Miller,chris.miller@example.com,2023-11-26,2024-05-18,25,2580.94
57181,Sara Martinez,sara.martinez@example.com,2023-08-22,2023-10-26,24,2657.64
1233,Jane Johnson,jane.johnson@example.com,2023-02-02,2023-03-14,1,188.85
41215,Michael Brown,michael.brown@example.com,2023-01-17,2023-07-07,15,2191.6
17292,Emily Davis,emily.davis@example.com,2023-11-18,2024-01-26,36,5956.68
6803,John Garcia,john.garcia@example.com,2023-05-31,2023-10-27,10,926.32
12696,Robert Martinez,robert.martinez@example.com,2023-05-13,2023-06-22,5,379.32
13394,Robert Garcia,robert.garcia@example.com,2023-02-28,2023-04-04,14,2613.85
72970,Linda Miller,linda.miller@example.com,2023-12-14,2024-05-20,31,2966.92
52061,Michael Johnson,michael.johnson@example.com,2023-01-02,2023-04-07,15,1585.23
75375,Sara Doe,sara.doe@example.com,2023-10-01,2023-12-30,20,3668.44
95360,Alex Smith,alex.smith@example.com,2023-01-29,2023-05-20,12,2088.98
18188,Linda Doe,linda.doe@example.com,2023-10-24,2024-03-13,8,1041.04
22380,Olivia Doe,olivia.doe@example.com,2023-07-05,2023-08-02,41,6443.44
9840,Sara Miller,sara.miller@example.com,2023-07-15,2023-09-02,38,5117.5
72937,Robert Smith,robert.smith@example.com,2023-03-13,2023-08-06,16,653.36
22751,Emily Johnson,emily.johnson@example.com,2023-09-22,2023-09-30,25,1550.43
73109,Emily Garcia,emily.garcia@example.com,2023-04-09,2023-05-18,47,4178.1
48085,Jane Garcia,jane.garcia@example.com,2023-08-04,2024-01-17,17,2321.89
21090,Linda Doe,linda.doe@example.com,2023-01-11,2023-02-23,34,3379.34
50817,Michael Martinez,michael.martinez@example.com,2023-09-12,2024-03-10,37,2265.71
91832,Alex Davis,alex.davis@example.com,2023-04-04,2023-06-09,1,141.35
63299,Jane Johnson,jane.johnson@example.com,2023-08-11,2023-10-29,22,1318.22
89533,Olivia Garcia,olivia.garcia@example.com,2023-03-04,2023-09-05,29,911.46
14960,John Miller,john.miller@example.com,2023-11-26,2024-04-13,34,4246.08
65329,Olivia Johnson,olivia.johnson@example.com,2023-03-15,2023-04-04,32,1003.59
59629,Sara Martinez,sara.martinez@example.com,2023-07-08,2023-10-07,29,1357.84
77197,Sara Martinez,sara.martinez@example.com,2023-12-02,2024-06-02,2,83.09
42768,John Smith,john.smith@example.com,2023-09-24,2024-03-01,35,6413.29
13510,Olivia Garcia,olivia.garcia@example.com,2023-03-30,2023-09-28,6,238.22
66112,Alex Miller,alex.miller@example.com,2023-03-28,2023-09-01,21,2021.72
4247,Linda Davis,linda.davis@example.com,2023-08-09,2023-08-30,7,414.1
31303,Sara Miller,sara.miller@example.com,2023-03-22,2023-08-20,1,68.72
59568,Olivia Smith,olivia.smith@example.com,2023-02-14,2023-08-29,44,3839.51
18241,Emily Smith,emily.smith@example.com,2023-11-07,2024-03-16,26,3962.32
80269,Sara Johnson,sara.johnson@example.com,2023-02-24,2023-04-14,16,2421.6
13117,Olivia Davis,olivia.davis@example.com,2023-07-07,2023-07-19,35,6983.74
52925,John Brown,john.brown@example.com,2023-05-19,2023-09-20,8,1507.92
12735,Michael Doe,michael.doe@example.com,2023-03-05,2023-03-28,3,278.56
88151,Olivia Johnson,olivia.johnson@example.com,2023-11-27,2024-03-19,23,4022.66
68356,Michael Brown,michael.brown@example.com,2023-11-25,2024-03-14,5,710.23
6546,Jane Martinez,jane.martinez@example.com,2023-03-27,2023-04-05,23,3060.84
20858,Linda Miller,linda.miller@example.com,2023-06-21,2023-09-21,46,1509.76
50020,Alex Johnson,alex.johnson@example.com,2023-12-14,2024-01-07,43,1615.97
9331,Linda Garcia,linda.garcia@example.com,2023-11-22,2023-11-29,21,1166.43
9456,Michael Brown,michael.brown@example.com,2023-08-29,2023-12-13,12,1365.33
73800,Michael Brown,michael.brown@example.com,2023-10-24,2024-05-05,19,1463.85
20524,Emily Davis,emily.davis@example.com,2023-04-02,2023-10-08,49,3202.67
10991,John Johnson,john.johnson@example.com,2023-10-11,2024-01-27,8,1307.72
28655,Emily Brown,emily.brown@example.com,2023-12-21,2024-03-27,45,2536.81
7386,Emily Davis,emily.davis@example.com,2023-03-05,2023-06-06,3,459.53
89628,Olivia Garcia,olivia.garcia@example.com,2023-07-31,2023-12-22,12,1683.96
28799,John Davis,john.davis@example.com,2023-05-27,2023-10-01,18,2003.66
60781,Emily Doe,emily.doe@example.com,2023-01-31,2023-02-09,19,2411.78
11941,Michael Martinez,michael.martinez@example.com,2023-02-27,2023-05-08,36,4788.03
48819,John Smith,john.smith@example.com,2023-05-23,2023-10-03,48,8519.74
89881,Alex Davis,alex.davis@example.com,2023-12-30,2024-01-14,39,4086.02
40487,Robert Garcia,robert.garcia@example.com,2023-10-29,2024-02-14,8,699.11
24061,Olivia Smith,olivia.smith@example.com,2023-11-07,2024-04-11,15,1470.96
60789,John Doe,john.doe@example.com,2023-05-08,2023-06-16,45,3410.39
93576,Linda Garcia,linda.garcia@example.com,2023-10-18,2024-04-24,46,8451.34
10180,Chris Martinez,chris.martinez@example.com,2023-01-24,2023-03-26,9,757.96
48395,Linda Martinez,linda.martinez@example.com,2023-12-05,2024-03-21,25,4151.66
86926,Robert Miller,robert.miller@example.com,2023-07-20,2023-12-30,19,1479.01
61195,Jane Smith,jane.smith@example.com,2023-11-29,2024-04-05,18,3397.67
69236,Linda Miller,linda.miller@example.com,2023-08-20,2023-10-10,3,269.2
67446,Linda Smith,linda.smith@example.com,2023-12-10,2024-06-05,32,2257.34
8790,Alex Smith,alex.smith@example.com,2023-02-06,2023-04-24,46,6981.8
88420,Robert Doe,robert.doe@example.com,2023-01-07,2023-01-14,11,1644.34
70698,Sara Brown,sara.brown@example.com,2023-11-23,2023-11-26,21,2213.04
24746,Alex Brown,alex.brown@example.com,2023-08-15,2023-12-03,46,8015.53
52239,John Johnson,john.johnson@example.com,2023-04-20,2023-06-29,40,7891.39
46070,Robert Garcia,robert.garcia@example.com,2023-03-25,2023-07-09,36,6546.94
45499,Alex Davis,alex.davis@example.com,2023-03-27,2023-05-19,25,4188.12
70711,Robert Martinez,robert.martinez@example.com,2023-11-29,2024-02-08,35,6628.84
52771,John Smith,john.smith@example.com,2023-11-21,2024-04-27,23,2974.48
10839,Jane Garcia,jane.garcia@example.com,2023-09-25,2024-01-11,38,3122.73
24822,John Brown,john.brown@example.com,2023-04-08,2023-09-02,34,4198.7
95253,Robert Miller,robert.miller@example.com,2023-03-28,2023-04-01,42,7604.28
64529,John Brown,john.brown@example.com,2023-08-14,2024-01-26,17,346.45
17743,Alex Miller,alex.miller@example.com,2023-02-10,2023-08-02,41,1271.03
73445,Olivia Davis,olivia.davis@example.com,2023-08-21,2024-03-07,6,1143.14
53054,Linda Martinez,linda.martinez@example.com,2023-12-19,2024-03-01,41,6016.33
47339,Emily Brown,emily.brown@example.com,2023-07-18,2023-09-13,42,848.52
16567,Michael Miller,michael.miller@example.com,2023-12-25,2023-12-26,32,2602.58
32641,Alex Miller,alex.miller@example.com,2023-05-03,2023-06-20,1,183.36
36581,Alex Smith,alex.smith@example.com,2023-10-02,2023-10-17,7,559.93
12237,John Smith,john.smith@example.com,2023-01-07,2023-04-09,33,6546.95
75528,Chris Doe,chris.doe@example.com,2023-12-16,2023-12-23,3,232.77
51747,Linda Smith,linda.smith@example.com,2023-12-13,2024-01-12,46,6316.86
89740,Alex Miller,alex.miller@example.com,2023-10-31,2024-05-05,41,4027.73
80046,Alex Garcia,alex.garcia@example.com,2023-10-14,2024-04-01,8,1251.83
29326,Emily Miller,emily.miller@example.com,2023-02-14,2023-07-22,32,3617.6
90126,Sara Miller,sara.miller@example.com,2023-03-25,2023-05-10,34,4103.26
68272,Chris Garcia,chris.garcia@example.com,2023-11-04,2024-02-13,26,4730.32
31949,Robert Doe,robert.doe@example.com,2023-10-24,2023-11-01,40,7737.52
38841,John Miller,john.miller@example.com,2023-09-24,2023-12-25,2,230.32
49013,John Miller,john.miller@example.com,2023-11-28,2024-04-02,8,1413.73
59471,Emily Brown,emily.brown@example.com,2023-12-07,2023-12-07,34,973.9
13740,Linda Johnson,linda.johnson@example.com,2023-05-04,2023-11-01,17,1873.42
70379,John Smith,john.smith@example.com,2023-11-02,2023-11-10,26,5173.32
69576,Alex Miller,alex.miller@example.com,2023-05-23,2023-06-07,39,7691.63
25977,Robert Garcia,robert.garcia@example.com,2023-05-14,2023-06-22,34,2212.98
74493,Linda Johnson,linda.johnson@example.com,2023-08-27,2023-10-30,20,465.63
19049,Jane Brown,jane.brown@example.com,2023-10-30,2024-02-25,9,379.34
18815,Michael Garcia,michael.garcia@example.com,2023-02-02,2023-04-10,22,2886.36
77078,Emily Miller,emily.miller@example.com,2023-02-19,2023-08-06,18,2880.1
33660,Linda Miller,linda.miller@example.com,2023-07-15,2023-10-16,24,3691.4
99180,Emily Miller,emily.miller@example.com,2023-06-05,2023-11-11,32,6051.13
51908,Alex Doe,alex.doe@example.com,2023-02-01,2023-05-14,12,295.71
34289,Linda Smith,linda.smith@example.com,2023-08-22,2024-01-29,29,3147.44
96867,Alex Johnson,alex.johnson@example.com,2023-12-27,2024-06-14,42,7243.35
24671,Chris Smith,chris.smith@example.com,2023-08-20,2023-10-26,46,1125.9
47400,John Garcia,john.garcia@example.com,2023-07-14,2023-09-25,49,5907.58
72539,John Davis,john.davis@example.com,2023-05-26,2023-11-24,41,3472.03
66425,Jane Smith,jane.smith@example.com,2023-04-27,2023-06-05,12,264.64
65249,Chris Doe,chris.doe@example.com,2023-05-05,2023-06-10,36,1468.74
23391,Robert Johnson,robert.johnson@example.com,2023-12-31,2024-03-16,10,294.24
92884,Chris Martinez,chris.martinez@example.com,2023-11-27,2024-03-25,46,7858.54
28429,Michael Miller,michael.miller@example.com,2023-11-17,2023-12-02,40,7693.18
24397,John Brown,john.brown@example.com,2023-10-20,2024-01-23,38,5636.7
89263,Chris Johnson,chris.johnson@example.com,2023-09-20,2023-10-10,24,3086.75
27715,Robert Johnson,robert.johnson@example.com,2023-03-02,2023-05-27,8,547.58
71103,John Doe,john.doe@example.com,2023-08-14,2023-09-05,27,4770.82
98664,Olivia Doe,olivia.doe@example.com,2023-01-21,2023-03-09,6,1037.58
19487,Sara Davis,sara.davis@example.com,2023-06-21,2023-12-18,18,2446.4
39889,Robert Doe,robert.doe@example.com,2023-12-10,2024-04-02,46,3934.85
69467,Emily Martinez,emily.martinez@example.com,2023-08-18,2023-10-07,26,3460.84
27244,Olivia Garcia,olivia.garcia@example.com,2023-12-16,2024-03-09,6,989.93
30241,Sara Brown,sara.brown@example.com,2023-11-16,2024-03-25,2,43.12
68636,Emily Brown,emily.brown@example.com,2023-08-08,2024-01-10,10,1259.09
75644,Michael Martinez,michael.martinez@example.com,2023-06-12,2023-08-31,8,589.17
74393,Chris Brown,chris.brown@example.com,2023-09-19,2024-01-30,38,4921.29
91598,Alex Davis,alex.davis@example.com,2023-03-08,2023-06-14,11,1605.03
68436,John Davis,john.davis@example.com,2023-07-29,2023-12-28,44,1020.35
19952,Emily Garcia,emily.garcia@example.com,2023-03-29,2023-08-15,32,5553.9
69934,Michael Johnson,michael.johnson@example.com,2023-10-27,2024-04-25,29,5360.28
4363,Emily Martinez,emily.martinez@example.com,2023-09-13,2023-11-30,19,3196.65
67818,Emily Miller,emily.miller@example.com,2023-08-16,2023-12-28,47,5700.17
1567,Olivia Smith,olivia.smith@example.com,2023-09-23,2024-03-20,14,1815.36
93317,Sara Doe,sara.doe@example.com,2023-07-18,2023-09-02,28,4850.11
7318,Chris Martinez,chris.martinez@example.com,2023-03-13,2023-07-21,35,3245.87
34666,Linda Doe,linda.doe@example.com,2023-02-12,2023-06-17,19,2418.87
96340,Michael Garcia,michael.garcia@example.com,2023-09-17,2023-11-04,11,710.06
9173,Olivia Johnson,olivia.johnson@example.com,2023-12-09,2023-12-17,33,4668.03
56743,Sara Garcia,sara.garcia@example.com,2023-02-21,2023-06-24,5,706.5
72209,Olivia Miller,olivia.miller@example.com,2023-04-14,2023-05-23,41,5911.6
77369,Olivia Johnson,olivia.johnson@example.com,2023-01-04,2023-04-26,2,137.37
20615,Sara Smith,sara.smith@example.com,2023-08-16,2023-12-31,18,2436.29
41641,Sara Brown,sara.brown@example.com,2023-08-18,2023-12-02,31,3591.16
73641,Alex Miller,alex.miller@example.com,2023-11-27,2024-01-13,9,347.81
15883,Sara Smith,sara.smith@example.com,2023-08-30,2024-02-03,44,1621.82
41883,John Miller,john.miller@example.com,2023-11-11,2023-11-22,46,8037.81
13873,Emily Smith,emily.smith@example.com,2023-01-01,2023-05-08,45,2024.92
5901,Robert Doe,robert.doe@example.com,2023-01-06,2023-05-19,17,1889.43
59402,John Doe,john.doe@example.com,2023-02-03,2023-03-15,35,5102.72
52596,John Miller,john.miller@example.com,2023-05-31,2023-08-30,35,3193.48
87132,Sara Johnson,sara.johnson@example.com,2023-10-22,2023-10-30,45,8892.4
59908,Sara Smith,sara.smith@example.com,2023-04-03,2023-09-30,45,1195.66
58407,Olivia Garcia,olivia.garcia@example.com,2023-11-30,2024-01-03,35,5105.88
40045,Jane Martinez,jane.martinez@example.com,2023-04-06,2023-09-30,21,2475.04
1642,Alex Brown,alex.brown@example.com,2023-08-15,2023-10-27,29,4879.65
40312,Emily Miller,emily.miller@example.com,2023-08-31,2024-01-06,20,2910.74
43430,Emily Davis,emily.davis@example.com,2023-07-14,2023-09-07,20,1714.51
59588,Michael Garcia,michael.garcia@example.com,2023-12-05,2024-05-10,32,4108.84
10408,Emily Johnson,emily.johnson@example.com,2023-11-19,2024-01-06,20,2198.82
33538,Sara Brown,sara.brown@example.com,2023-07-27,2023-09-14,49,7699.95
55015,Michael Davis,michael.davis@example.com,2023-06-29,2023-11-16,38,2863.64
96887,Sara Davis,sara.davis@example.com,2023-06-20,2023-11-04,25,2944.55
56360,Michael Doe,michael.doe@example.com,2023-02-14,2023-02-21,22,697.84
99600,Chris Brown,chris.brown@example.com,2023-05-30,2023-10-23,32,5476.94
69380,Robert Doe,robert.doe@example.com,2023-02-19,2023-05-21,31,2702.28
88184,Sara Brown,sara.brown@example.com,2023-09-18,2024-01-30,30,4071.21
12114,John Smith,john.smith@example.com,2023-08-17,2023-12-20,1,99.89
17058,Michael Brown,michael.brown@example.com,2023-08-18,2023-09-20,1,168.5
46031,Chris Martinez,chris.martinez@example.com,2023-08-07,2023-10-24,27,3619.77
73147,Linda Martinez,linda.martinez@example.com,2023-02-20,2023-03-11,49,1692.01
51695,Alex Miller,alex.miller@example.com,2023-05-19,2023-06-21,48,9293.64
66567,Chris Miller,chris.miller@example.com,2023-06-02,2023-10-11,35,4393.3
78700,Robert Smith,robert.smith@example.com,2023-02-05,2023-04-10,20,1002.04
41541,Emily Brown,emily.brown@example.com,2023-03-20,2023-05-28,5,846.31
64300,Sara Martinez,sara.martinez@example.com,2023-10-06,2023-10-25,39,1866.19
49174,Jane Davis,jane.davis@example.com,2023-09-08,2024-02-12,8,1115.66
83920,Linda Doe,linda.doe@example.com,2023-08-23,2024-01-23,25,2488.08
90668,Emily Davis,emily.davis@example.com,2023-08-25,2023-09-20,22,3252.47
65686,Sara Garcia,sara.garcia@example.com,2023-11-14,2023-12-10,1,109.53
4877,Sara Smith,sara.smith@example.com,2023-08-19,2023-09-22,47,8744.32
75908,Alex Johnson,alex.johnson@example.com,2023-07-31,2024-01-09,33,3145.7
2224,Robert Smith,robert.smith@example.com,2023-01-27,2023-07-12,20,3219.62
82461,Chris Martinez,chris.martinez@example.com,2023-03-25,2023-04-03,8,797.15
43407,Sara Smith,sara.smith@example.com,2023-05-16,2023-05-31,17,3003.64
65421,Alex Doe,alex.doe@example.com,2023-12-09,2023-12-14,14,1999.55
57792,Alex Davis,alex.davis@example.com,2023-02-04,2023-08-10,3,482.57
57629,Emily Doe,emily.doe@example.com,2023-03-18,2023-07-07,24,4623.76
50104,Sara Brown,sara.brown@example.com,2023-11-20,2024-02-19,1,41.6
38813,Emily Garcia,emily.garcia@example.com,2023-08-01,2023-12-11,7,708.77
88047,Emily Davis,emily.davis@example.com,2023-04-14,2023-06-24,6,343.18
36231,Alex Johnson,alex.johnson@example.com,2023-01-18,2023-06-10,43,7307.86
73267,Michael Miller,michael.miller@example.com,2023-01-02,2023-05-23,35,5556.45
71496,Chris Miller,chris.miller@example.com,2023-05-11,2023-06-11,39,2899.54
27443,Robert Garcia,robert.garcia@example.com,2023-11-25,2024-03-01,21,3493.22
68073,Emily Doe,emily.doe@example.com,2023-07-24,2023-09-16,5,438.79
91444,Jane Martinez,jane.martinez@example.com,2023-05-17,2023-07-15,39,7293.0
32435,Emily Garcia,emily.garcia@example.com,2023-10-10,2023-11-03,2,317.02
27657,Sara Garcia,sara.garcia@example.com,2023-10-29,2024-02-23,17,2293.93
94708,Robert Miller,robert.miller@example.com,2023-02-23,2023-06-27,43,6152.38
73717,Olivia Miller,olivia.miller@example.com,2023-04-21,2023-06-29,17,2405.66
17291,Sara Brown,sara.brown@example.com,2023-02-18,2023-05-09,37,1677.31
78570,Chris Garcia,chris.garcia@example.com,2023-05-01,2023-07-05,22,979.9
44607,Michael Johnson,michael.johnson@example.com,2023-12-15,2023-12-22,45,4034.24
27480,Linda Doe,linda.doe@example.com,2023-02-14,2023-07-18,41,7025.7
21022,Emily Smith,emily.smith@example.com,2023-09-09,2023-11-06,25,4112.74
64088,Chris Brown,chris.brown@example.com,2023-02-14,2023-06-07,20,936.36
88703,Jane Davis,jane.davis@example.com,2023-01-22,2023-06-16,6,1041.93
1155,Sara Doe,sara.doe@example.com,2023-08-21,2023-11-05,45,1284.9
24981,Olivia Brown,olivia.brown@example.com,2023-02-17,2023-05-22,28,3379.73
22561,Michael Brown,michael.brown@example.com,2023-11-17,2023-12-19,16,906.66
26848,Chris Miller,chris.miller@example.com,2023-11-07,2024-01-13,15,1892.03
91804,Sara Miller,sara.miller@example.com,2023-08-27,2024-01-17,41,6896.71
79713,Jane Doe,jane.doe@example.com,2023-05-11,2023-07-25,44,7811.12
72718,John Davis,john.davis@example.com,2023-10-15,2024-04-14,28,4869.8
38232,Linda Johnson,linda.johnson@example.com,2023-09-15,2023-11-17,41,7576.54
20778,Linda Johnson,linda.johnson@example.com,2023-06-14,2023-09-09,27,4898.89
22975,Emily Davis,emily.davis@example.com,2023-05-25,2023-08-25,12,678.86
97884,Chris Smith,chris.smith@example.com,2023-02-12,2023-05-18,9,1712.07
95254,Olivia Martinez,olivia.martinez@example.com,2023-04-25,2023-06-01,3,241.17
26861,Robert Doe,robert.doe@example.com,2023-09-24,2023-09-24,24,1856.95
14212,Jane Martinez,jane.martinez@example.com,2023-06-24,2023-09-01,31,3130.54
32009,Emily Davis,emily.davis@example.com,2023-03-02,2023-07-31,5,491.32
58058,John Smith,john.smith@example.com,2023-08-06,2023-10-24,25,2201.03
51555,Alex Miller,alex.miller@example.com,2023-02-24,2023-08-12,48,1077.55
23740,John Doe,john.doe@example.com,2023-04-11,2023-09-04,41,4381.62
27358,Sara Garcia,sara.garcia@example.com,2023-04-21,2023-05-29,13,471.71
52817,Alex Garcia,alex.garcia@example.com,2023-10-10,2023-12-06,26,4045.72
8758,Linda Davis,linda.davis@example.com,2023-05-29,2023-11-01,30,931.11
89332,Robert Martinez,robert.martinez@example.com,2023-06-03,2023-10-20,34,3186.58
65184,Alex Smith,alex.smith@example.com,2023-05-10,2023-09-06,10,535.81
89361,Alex Davis,alex.davis@example.com,2023-06-29,2023-11-24,34,5198.75
61023,Olivia Garcia,olivia.garcia@example.com,2023-05-04,2023-08-20,7,947.3
74317,Jane Davis,jane.davis@example.com,2023-01-01,2023-03-10,4,283.49
10311,Jane Johnson,jane.johnson@example.com,2023-09-23,2023-12-06,21,2434.46
41048,John Johnson,john.johnson@example.com,2023-07-10,2023-11-30,24,3267.21
95160,Olivia Doe,olivia.doe@example.com,2023-11-13,2024-02-12,30,619.5
74366,Olivia Martinez,olivia.martinez@example.com,2023-12-06,2024-01-14,8,561.67
82557,Alex Davis,alex.davis@example.com,2023-12-01,2024-03-30,11,516.88
48297,Michael Martinez,michael.martinez@example.com,2023-04-13,2023-08-23,11,1227.43
31556,John Garcia,john.garcia@example.com,2023-12-25,2024-03-18,18,891.23
44526,Linda Smith,linda.smith@example.com,2023-06-06,2023-10-06,49,9368.88
14071,Sara Doe,sara.doe@example.com,2023-09-27,2024-01-19,35,3049.51
64464,Chris Davis,chris.davis@example.com,2023-06-07,2023-12-08,12,1432.74
79399,Chris Davis,chris.davis@example.com,2023-07-18,2023-11-10,12,2065.66
79524,Olivia Martinez,olivia.martinez@example.com,2023-09-20,2023-10-22,26,1584.68
53302,Sara Smith,sara.smith@example.com,2023-01-07,2023-04-26,44,3283.73
27807,Chris Davis,chris.davis@example.com,2023-01-06,2023-03-30,36,3787.09
71583,Emily Johnson,emily.johnson@example.com,2023-04-06,2023-04-06,44,7896.9
72512,Olivia Doe,olivia.doe@example.com,2023-03-18,2023-09-04,16,1372.99
67980,Jane Miller,jane.miller@example.com,2023-05-23,2023-11-02,40,6387.01
48738,Jane Johnson,jane.johnson@example.com,2023-11-15,2024-03-15,3,129.69
49673,Linda Doe,linda.doe@example.com,2023-03-19,2023-07-04,17,2541.29
81024,Linda Miller,linda.miller@example.com,2023-10-04,2024-01-19,21,1246.96
55660,Emily Johnson,emily.johnson@example.com,2023-03-04,2023-07-01,21,3337.81
17632,Robert Miller,robert.miller@example.com,2023-08-30,2023-09-21,2,114.8
13495,Jane Garcia,jane.garcia@example.com,2023-01-20,2023-01-24,19,565.19
25315,Robert Miller,robert.miller@example.com,2023-12-06,2024-03-27,48,5933.07
25812,Linda Smith,linda.smith@example.com,2023-09-20,2023-12-25,31,1790.35
83380,Sara Miller,sara.miller@example.com,2023-11-08,2023-12-14,23,2872.95
95497,Jane Davis,jane.davis@example.com,2023-05-11,2023-07-25,41,7296.27
67294,Olivia Smith,olivia.smith@example.com,2023-02-09,2023-02-21,14,2781.93
37585,Sara Brown,sara.brown@example.com,2023-08-30,2023-11-13,23,1719.02
89084,Sara Davis,sara.davis@example.com,2023-11-26,2023-12-26,16,3087.33
37474,Robert Miller,robert.miller@example.com,2023-08-12,2024-01-15,10,1110.9
96773,Sara Johnson,sara.johnson@example.com,2023-08-03,2023-10-29,2,135.16
98262,Emily Doe,emily.doe@example.com,2023-05-07,2023-10-19,46,8335.3
6049,Jane Johnson,jane.johnson@example.com,2023-06-12,2023-10-27,2,305.36
85259,Alex Johnson,alex.johnson@example.com,2023-12-06,2024-03-20,4,744.54
38701,Robert Garcia,robert.garcia@example.com,2023-01-20,2023-02-23,42,4261.88
22339,Linda Davis,linda.davis@example.com,2023-04-10,2023-05-14,37,6843.68
63224,Michael Miller,michael.miller@example.com,2023-09-22,2023-10-05,31,3479.03
3595,Linda Miller,linda.miller@example.com,2023-12-25,2024-01-11,5,911.32
30683,Sara Davis,sara.davis@example.com,2023-09-03,2024-03-07,45,6841.9
33081,John Johnson,john.johnson@example.com,2023-11-09,2024-01-17,33,1562.7
83678,Chris Miller,chris.miller@example.com,2023-01-14,2023-01-30,32,3423.58
68563,Sara Garcia,sara.garcia@example.com,2023-04-19,2023-07-04,5,900.32
97834,Linda Miller,linda.miller@example.com,2023-04-18,2023-04-29,40,7126.41
32340,Jane Smith,jane.smith@example.com,2023-12-13,2023-12-19,30,3320.76
5303,Michael Martinez,michael.martinez@example.com,2023-02-25,2023-05-24,24,1674.96
52664,Alex Miller,alex.miller@example.com,2023-03-22,2023-04-14,42,4646.53
25683,Alex Doe,alex.doe@example.com,2023-03-29,2023-07-10,34,6713.61
37117,Michael Doe,michael.doe@example.com,2023-03-09,2023-08-23,38,4677.47
1617,Olivia Johnson,olivia.johnson@example.com,2023-03-07,2023-06-19,24,2976.75
86016,Olivia Martinez,olivia.martinez@example.com,2023-10-18,2024-01-13,30,735.93
43285,Alex Davis,alex.davis@example.com,2023-07-07,2023-11-13,44,4626.05
60384,Alex Doe,alex.doe@example.com,2023-12-19,2024-01-16,11,1638.87
60474,Sara Martinez,sara.martinez@example.com,2023-02-21,2023-03-19,3,541.79
89931,Sara Miller,sara.miller@example.com,2023-06-04,2023-11-17,33,1237.2
54486,Emily Miller,emily.miller@example.com,2023-01-17,2023-04-18,44,5152.78
2095,Chris Smith,chris.smith@example.com,2023-02-01,2023-04-22,47,3970.37
58978,Jane Brown,jane.brown@example.com,2023-07-24,2024-01-22,37,7125.27
4169,Sara Miller,sara.miller@example.com,2023-12-01,2024-06-10,12,982.52
65460,Linda Brown,linda.brown@example.com,2023-06-11,2023-11-30,32,2397.75
15144,Emily Brown,emily.brown@example.com,2023-02-06,2023-05-10,12,1700.99
96728,Jane Martinez,jane.martinez@example.com,2023-11-22,2023-12-20,12,254.57
43900,Alex Martinez,alex.martinez@example.com,2023-05-09,2023-06-25,5,976.33
65572,Jane Martinez,jane.martinez@example.com,2023-03-09,2023-08-10,12,1941.61
29439,Robert Davis,robert.davis@example.com,2023-06-24,2023-07-16,15,1343.29
8602,Emily Smith,emily.smith@example.com,2023-10-22,2023-11-01,39,3808.11
93303,John Garcia,john.garcia@example.com,2023-08-10,2023-09-16,31,2052.74
34925,Olivia Miller,olivia.miller@example.com,2023-08-12,2023-09-28,3,105.51
58996,Michael Davis,michael.davis@example.com,2023-04-08,2023-04-11,41,7597.84
44336,Linda Johnson,linda.johnson@example.com,2023-06-29,2023-10-05,12,1152.01
36706,Alex Smith,alex.smith@example.com,2023-11-17,2024-01-13,42,1892.11
2918,Emily Davis,emily.davis@example.com,2023-09-15,2024-01-21,15,2752.68
93821,Robert Davis,robert.davis@example.com,2023-04-14,2023-09-20,6,222.96
40819,Olivia Brown,olivia.brown@example.com,2023-06-18,2023-08-18,7,1323.82
21333,Michael Johnson,michael.johnson@example.com,2023-12-21,2024-04-21,40,7489.12
94254,Linda Davis,linda.davis@example.com,2023-05-07,2023-05-29,31,2192.9
92877,John Garcia,john.garcia@example.com,2023-11-03,2023-11-03,22,2401.35
87151,Michael Garcia,michael.garcia@example.com,2023-01-11,2023-06-18,19,2269.53
85493,Jane Martinez,jane.martinez@example.com,2023-08-06,2023-12-31,39,5626.9
83011,John Johnson,john.johnson@example.com,2023-05-22,2023-08-19,17,2260.53
89551,Sara Martinez,sara.martinez@example.com,2023-02-16,2023-06-30,29,940.35
6791,Alex Martinez,alex.martinez@example.com,2023-05-16,2023-11-29,14,1106.0
86981,Emily Doe,emily.doe@example.com,2023-03-11,2023-05-30,36,5617.24
79835,Linda Doe,linda.doe@example.com,2023-07-26,2023-10-18,45,6023.87
87248,Jane Brown,jane.brown@example.com,2023-09-10,2023-12-25,48,1650.46
20286,Sara Garcia,sara.garcia@example.com,2023-07-26,2023-10-03,49,7947.31
17250,Emily Martinez,emily.martinez@example.com,2023-05-02,2023-10-06,23,1399.23
7797,Jane Miller,jane.miller@example.com,2023-05-03,2023-08-01,20,3924.15
97985,Emily Martinez,emily.martinez@example.com,2023-06-22,2023-07-18,28,3410.93
44861,Alex Smith,alex.smith@example.com,2023-08-21,2024-02-06,29,3199.6
1423,Robert Johnson,robert.johnson@example.com,2023-04-11,2023-09-27,20,2359.04
89041,Chris Brown,chris.brown@example.com,2023-12-30,2024-02-22,18,663.85
23016,Linda Doe,linda.doe@example.com,2023-04-01,2023-05-07,24,1222.65
50660,Jane Garcia,jane.garcia@example.com,2023-03-31,2023-09-15,47,3817.99
78954,Jane Martinez,jane.martinez@example.com,2023-10-18,2024-02-14,47,8461.49
13914,Linda Doe,linda.doe@example.com,2023-11-11,2024-03-22,23,3193.18
94861,Emily Brown,emily.brown@example.com,2023-08-01,2023-11-12,22,3800.28
71836,John Garcia,john.garcia@example.com,2023-09-06,2024-01-09,38,7316.82
14925,Linda Brown,linda.brown@example.com,2023-03-11,2023-06-07,6,939.62
13642,Olivia Johnson,olivia.johnson@example.com,2023-08-26,2024-03-04,8,851.49
27252,Michael Smith,michael.smith@example.com,2023-06-08,2023-12-22,46,3950.61
45128,Chris Martinez,chris.martinez@example.com,2023-11-12,2024-03-20,48,6077.47
27366,Olivia Davis,olivia.davis@example.com,2023-03-05,2023-03-07,39,1319.88
14859,John Johnson,john.johnson@example.com,2023-08-19,2023-12-05,18,2992.5
71208,Michael Smith,michael.smith@example.com,2023-04-02,2023-07-14,37,6142.39
60982,Emily Smith,emily.smith@example.com,2023-12-06,2024-04-15,12,1599.85
84212,Sara Garcia,sara.garcia@example.com,2023-09-23,2023-10-10,18,3307.0
44902,Robert Johnson,robert.johnson@example.com,2023-03-08,2023-06-19,7,575.89
4581,Alex Garcia,alex.garcia@example.com,2023-01-18,2023-03-31,30,5196.4
98802,Olivia Davis,olivia.davis@example.com,2023-12-01,2024-04-30,30,4550.59
6818,Chris Johnson,chris.johnson@example.com,2023-09-27,2023-10-15,29,4811.17
63493,Chris Martinez,chris.martinez@example.com,2023-01-10,2023-01-30,46,1150.28
65431,Alex Miller,alex.miller@example.com,2023-08-31,2024-02-05,9,664.74
93528,Michael Johnson,michael.johnson@example.com,2023-04-02,2023-09-06,26,2347.69
67216,Robert Brown,robert.brown@example.com,2023-10-05,2024-03-09,2,293.76
72582,Emily Miller,emily.miller@example.com,2023-07-27,2023-08-10,44,8376.88
99686,Robert Miller,robert.miller@example.com,2023-02-10,2023-07-31,17,3305.67
37954,Linda Smith,linda.smith@example.com,2023-06-26,2023-07-01,48,2384.81
45058,Linda Doe,linda.doe@example.com,2023-09-07,2023-10-10,47,7190.26
37126,Chris Garcia,chris.garcia@example.com,2023-07-31,2023-08-26,25,2471.24
44253,Michael Martinez,michael.martinez@example.com,2023-12-12,2024-03-20,17,978.65
75370,Alex Miller,alex.miller@example.com,2023-10-27,2023-11-04,43,2040.96
12328,John Davis,john.davis@example.com,2023-11-13,2024-02-07,32,1870.29
17821,Michael Davis,michael.davis@example.com,2023-11-21,2024-02-10,46,6908.94
34473,Robert Johnson,robert.johnson@example.com,2023-09-27,2024-03-22,18,2943.33
84710,Linda Davis,linda.davis@example.com,2023-01-27,2023-07-24,1,76.55
93684,Sara Martinez,sara.martinez@example.com,2023-06-23,2023-08-13,14,1108.05
43219,Emily Smith,emily.smith@example.com,2023-06-11,2023-09-21,31,5559.28
61082,Michael Garcia,michael.garcia@example.com,2023-04-04,2023-05-08,39,2373.94
32816,Michael Smith,michael.smith@example.com,2023-07-17,2023-09-24,43,7165.53
21508,John Garcia,john.garcia@example.com,2023-07-06,2023-09-22,47,5144.41
53245,Michael Miller,michael.miller@example.com,2023-06-02,2023-11-08,26,925.73
59652,Olivia Brown,olivia.brown@example.com,2023-09-17,2023-11-25,32,2489.52
52057,Linda Martinez,linda.martinez@example.com,2023-09-24,2024-04-08,10,1713.09
19155,Alex Miller,alex.miller@example.com,2023-11-26,2024-05-18,19,3443.27
97469,John Miller,john.miller@example.com,2023-12-11,2024-03-24,24,2465.41
93212,Jane Miller,jane.miller@example.com,2023-03-18,2023-05-09,20,3028.54
1842,Robert Miller,robert.miller@example.com,2023-11-21,2023-11-23,5,706.09
20102,John Smith,john.smith@example.com,2023-08-22,2023-10-09,13,2360.94
16998,Jane Garcia,jane.garcia@example.com,2023-05-12,2023-06-12,5,881.53
39452,Linda Doe,linda.doe@example.com,2023-08-01,2023-09-05,18,1762.77
8626,Alex Davis,alex.davis@example.com,2023-08-19,2023-09-24,23,4043.79
19355,Chris Davis,chris.davis@example.com,2023-11-10,2024-03-11,13,2299.4
89173,Alex Miller,alex.miller@example.com,2023-07-03,2023-09-05,32,2980.1
18616,Alex Miller,alex.miller@example.com,2023-03-11,2023-09-16,11,1339.66
91842,Chris Smith,chris.smith@example.com,2023-08-01,2024-02-03,6,495.82
56351,Michael Davis,michael.davis@example.com,2023-10-15,2024-02-16,3,138.11
63659,Michael Miller,michael.miller@example.com,2023-06-20,2023-09-25,18,2957.03
46192,Emily Doe,emily.doe@example.com,2023-06-25,2023-11-10,7,169.31
3993,Chris Brown,chris.brown@example.com,2023-03-25,2023-08-22,33,1506.67
29585,Olivia Smith,olivia.smith@example.com,2023-01-28,2023-03-04,17,1984.71
12239,Jane Smith,jane.smith@example.com,2023-03-12,2023-04-03,29,4144.92
71200,Linda Garcia,linda.garcia@example.com,2023-01-27,2023-03-20,24,4608.43
61191,Chris Brown,chris.brown@example.com,2023-06-07,2023-12-14,33,4108.82
70821,John Brown,john.brown@example.com,2023-07-16,2023-11-27,39,2897.93
49711,Olivia Doe,olivia.doe@example.com,2023-09-20,2023-10-08,3,244.08
99162,Emily Davis,emily.davis@example.com,2023-01-20,2023-05-27,6,292.62
35399,Michael Davis,michael.davis@example.com,2023-06-02,2023-12-12,24,2355.93
78839,Linda Garcia,linda.garcia@example.com,2023-03-18,2023-08-19,7,206.42
63887,Olivia Johnson,olivia.johnson@example.com,2023-03-01,2023-07-20,38,1919.29
82961,Sara Miller,sara.miller@example.com,2023-12-08,2024-01-04,20,2355.39
70429,Alex Martinez,alex.martinez@example.com,2023-03-24,2023-07-30,21,1940.87
29525,Jane Martinez,jane.martinez@example.com,2023-11-24,2024-04-11,20,711.74
15819,Linda Garcia,linda.garcia@example.com,2023-11-10,2024-01-23,11,1466.1
23184,Michael Miller,michael.miller@example.com,2023-08-20,2023-08-20,41,1883.74
92292,Robert Doe,robert.doe@example.com,2023-03-06,2023-06-18,44,2666.83
49486,Chris Martinez,chris.martinez@example.com,2023-06-01,2023-08-18,11,290.48
88279,Linda Doe,linda.doe@example.com,2023-04-30,2023-09-13,25,2527.95
8096,Emily Doe,emily.doe@example.com,2023-12-19,2024-05-23,21,2762.94
1328,Sara Johnson,sara.johnson@example.com,2023-11-03,2024-02-27,20,1885.11
73952,Robert Doe,robert.doe@example.com,2023-03-24,2023-03-25,21,3944.56
47126,John Martinez,john.martinez@example.com,2023-11-26,2024-05-13,31,774.71
57286,Linda Johnson,linda.johnson@example.com,2023-08-12,2024-02-19,43,1501.86
24667,Sara Smith,sara.smith@example.com,2023-12-14,2024-03-25,28,5441.31
79234,Jane Miller,jane.miller@example.com,2023-12-09,2024-02-24,41,6858.75
63284,Alex Smith,alex.smith@example.com,2023-09-22,2024-03-03,45,7136.99
19581,Emily Brown,emily.brown@example.com,2023-05-01,2023-09-29,16,2310.25
68069,Jane Martinez,jane.martinez@example.com,2023-01-06,2023-02-02,22,1111.19
32033,Olivia Martinez,olivia.martinez@example.com,2023-01-29,2023-06-16,30,5041.56
30416,Jane Garcia,jane.garcia@example.com,2023-08-20,2023-11-12,25,883.04
35580,Olivia Johnson,olivia.johnson@example.com,2023-11-17,2024-04-19,16,1843.62
55012,Michael Garcia,michael.garcia@example.com,2023-11-17,2023-12-02,29,3928.75
58335,Chris Smith,chris.smith@example.com,2023-11-22,2024-03-11,42,1111.1
97624,Olivia Smith,olivia.smith@example.com,2023-04-18,2023-05-30,45,8983.67
75334,Michael Miller,michael.miller@example.com,2023-12-23,2024-06-18,39,2414.15
15242,Emily Miller,emily.miller@example.com,2023-09-20,2023-12-09,7,370.24
53314,Linda Garcia,linda.garcia@example.com,2023-02-21,2023-08-13,19,2925.55
43474,Emily Brown,emily.brown@example.com,2023-08-07,2023-11-11,48,4789.13
1436,Michael Miller,michael.miller@example.com,2023-04-28,2023-09-20,41,6488.62
10550,Jane Johnson,jane.johnson@example.com,2023-05-03,2023-10-16,12,517.44
18031,Olivia Martinez,olivia.martinez@example.com,2023-03-30,2023-06-29,11,555.68
29241,Sara Martinez,sara.martinez@example.com,2023-03-19,2023-09-06,7,357.9
53118,Chris Doe,chris.doe@example.com,2023-05-06,2023-11-06,21,2700.47
9542,Jane Smith,jane.smith@example.com,2023-10-08,2023-10-15,47,5221.17
9703,Jane Garcia,jane.garcia@example.com,2023-01-02,2023-03-22,30,3609.12
21349,Alex Johnson,alex.johnson@example.com,2023-12-16,2024-02-22,8,1421.31
1454,Robert Smith,robert.smith@example.com,2023-05-13,2023-07-02,13,756.21
47365,Olivia Brown,olivia.brown@example.com,2023-01-10,2023-06-26,1,185.11
48124,Jane Johnson,jane.johnson@example.com,2023-05-10,2023-11-17,6,544.73
77812,Sara Johnson,sara.johnson@example.com,2023-05-17,2023-07-19,43,7198.68
36026,John Smith,john.smith@example.com,2023-03-01,2023-04-07,3,501.65
90573,Alex Brown,alex.brown@example.com,2023-09-09,2024-01-16,19,3537.48
30874,John Smith,john.smith@example.com,2023-04-12,2023-10-19,30,3220.62
25938,John Miller,john.miller@example.com,2023-05-31,2023-10-10,10,958.17
49303,Jane Davis,jane.davis@example.com,2023-06-28,2023-08-31,42,3551.17
65965,Chris Doe,chris.doe@example.com,2023-05-30,2023-11-02,47,5292.14
85201,Linda Davis,linda.davis@example.com,2023-11-09,2024-02-15,24,2499.86
80518,Emily Miller,emily.miller@example.com,2023-12-18,2024-05-05,14,2745.46
25429,Sara Doe,sara.doe@example.com,2023-06-27,2023-12-22,1,88.96
57380,Chris Brown,chris.brown@example.com,2023-03-10,2023-07-16,25,4283.36
54195,Michael Davis,michael.davis@example.com,2023-11-04,2024-04-01,43,4190.72
12520,John Doe,john.doe@example.com,2023-03-28,2023-10-02,9,1737.98
73903,Sara Davis,sara.davis@example.com,2023-08-23,2023-09-03,1,46.26
9283,Michael Miller,michael.miller@example.com,2023-05-16,2023-06-21,9,1130.79
41926,Robert Martinez,robert.martinez@example.com,2023-10-27,2024-04-15,12,791.37
97839,Sara Davis,sara.davis@example.com,2023-11-12,2024-05-04,25,3469.08
78168,John Garcia,john.garcia@example.com,2023-05-04,2023-08-25,34,6570.65
84574,Robert Martinez,robert.martinez@example.com,2023-03-30,2023-04-30,43,3717.85
92804,Chris Johnson,chris.johnson@example.com,2023-03-15,2023-08-16,38,2554.71
12626,Emily Martinez,emily.martinez@example.com,2023-10-22,2024-04-29,34,2012.44
51230,John Miller,john.miller@example.com,2023-03-24,2023-08-22,7,448.67
77308,Jane Miller,jane.miller@example.com,2023-07-25,2023-10-30,8,261.43
18783,Chris Martinez,chris.martinez@example.com,2023-08-26,2023-09-27,41,2447.51
68306,Chris Doe,chris.doe@example.com,2023-05-20,2023-09-04,47,4270.12
47974,Sara Garcia,sara.garcia@example.com,2023-02-07,2023-08-20,8,269.77
26593,Alex Johnson,alex.johnson@example.com,2023-06-16,2023-09-28,6,670.64
34575,Chris Martinez,chris.martinez@example.com,2023-03-30,2023-07-19,36,3941.97
37984,Robert Brown,robert.brown@example.com,2023-03-27,2023-09-13,36,1335.0
54451,Olivia Johnson,olivia.johnson@example.com,2023-12-29,2024-06-04,40,1116.8
51040,Linda Brown,linda.brown@example.com,2023-02-09,2023-07-08,44,7629.76
53950,Michael Doe,michael.doe@example.com,2023-09-27,2023-10-19,30,5468.18
57526,Jane Davis,jane.davis@example.com,2023-09-30,2024-04-01,3,440.85
13761,Linda Johnson,linda.johnson@example.com,2023-01-22,2023-04-08,46,4576.53
92933,Sara Garcia,sara.garcia@example.com,2023-07-07,2023-10-17,21,2838.76
16742,Jane Davis,jane.davis@example.com,2023-12-15,2024-06-22,46,3845.06
78765,Robert Davis,robert.davis@example.com,2023-04-27,2023-06-13,2,167.21
67981,Robert Miller,robert.miller@example.com,2023-01-23,2023-06-12,27,4047.23
76118,Sara Garcia,sara.garcia@example.com,2023-10-27,2023-11-29,49,1329.07
28389,Alex Martinez,alex.martinez@example.com,2023-05-08,2023-07-26,22,3647.59
1351,Jane Smith,jane.smith@example.com,2023-09-08,2023-12-08,49,9549.99
34647,Alex Brown,alex.brown@example.com,2023-05-26,2023-08-02,44,3461.8
95691,John Smith,john.smith@example.com,2023-01-17,2023-04-13,23,2002.7
21410,Chris Johnson,chris.johnson@example.com,2023-07-04,2023-08-26,7,733.84
74599,Sara Davis,sara.davis@example.com,2023-03-28,2023-09-08,15,1094.75
1551,Robert Johnson,robert.johnson@example.com,2023-06-28,2023-10-26,31,2964.25
7307,Emily Smith,emily.smith@example.com,2023-09-05,2024-02-17,23,1995.93
80133,Chris Garcia,chris.garcia@example.com,2023-12-14,2024-01-08,2,249.13
21265,Chris Garcia,chris.garcia@example.com,2023-01-11,2023-02-09,34,3671.6
82943,Alex Davis,alex.davis@example.com,2023-09-07,2024-02-06,4,98.89
11929,Emily Smith,emily.smith@example.com,2023-03-09,2023-06-19,8,713.12
41732,Olivia Davis,olivia.davis@example.com,2023-09-13,2024-02-10,20,3852.29
82758,Michael Martinez,michael.martinez@example.com,2023-11-19,2024-02-19,4,504.44
51498,Olivia Johnson,olivia.johnson@example.com,2023-07-11,2023-11-20,43,2656.53
14930,Sara Doe,sara.doe@example.com,2023-03-11,2023-07-10,42,2061.42
78377,John Martinez,john.martinez@example.com,2023-12-11,2024-03-22,28,4558.03
39692,Robert Martinez,robert.martinez@example.com,2023-04-14,2023-09-11,2,138.35
30611,Michael Johnson,michael.johnson@example.com,2023-05-18,2023-07-13,4,486.02
72115,Jane Johnson,jane.johnson@example.com,2023-09-24,2023-10-15,43,8523.61
73018,Emily Johnson,emily.johnson@example.com,2023-12-18,2024-04-25,48,8106.52
46544,Olivia Brown,olivia.brown@example.com,2023-05-05,2023-06-28,28,1561.13
41602,Olivia Davis,olivia.davis@example.com,2023-05-16,2023-06-15,25,3414.0
44108,Alex Doe,alex.doe@example.com,2023-06-29,2023-12-28,38,1352.12
68668,Linda Brown,linda.brown@example.com,2023-07-14,2023-09-19,16,1006.24
54637,Chris Davis,chris.davis@example.com,2023-03-24,2023-06-22,21,3395.81
94199,John Smith,john.smith@example.com,2023-10-06,2024-04-02,43,2945.6
67989,John Brown,john.brown@example.com,2023-03-10,2023-07-12,9,946.0
38028,Robert Garcia,robert.garcia@example.com,2023-05-30,2023-05-30,48,6188.98
91168,Robert Doe,robert.doe@example.com,2023-01-27,2023-03-17,28,1980.93
53107,Jane Brown,jane.brown@example.com,2023-03-03,2023-06-11,48,5306.67
57599,John Garcia,john.garcia@example.com,2023-10-23,2024-04-06,13,930.48
28722,John Miller,john.miller@example.com,2023-09-15,2024-02-28,11,687.16
96087,Sara Brown,sara.brown@example.com,2023-05-15,2023-07-16,25,1759.78
67397,Chris Johnson,chris.johnson@example.com,2023-11-17,2024-03-14,40,7836.61
70673,Emily Smith,emily.smith@example.com,2023-03-13,2023-03-14,35,5992.67
27442,Emily Martinez,emily.martinez@example.com,2023-05-14,2023-07-26,26,4704.56
65606,Olivia Martinez,olivia.martinez@example.com,2023-10-19,2024-03-14,21,2400.45
58665,Emily Smith,emily.smith@example.com,2023-12-02,2024-05-18,14,848.36
53554,Sara Davis,sara.davis@example.com,2023-06-26,2023-11-01,27,4477.89
90522,Sara Martinez,sara.martinez@example.com,2023-05-26,2023-12-01,35,3253.48
47079,Alex Doe,alex.doe@example.com,2023-09-26,2023-10-12,38,7310.7
42630,Michael Brown,michael.brown@example.com,2023-02-02,2023-02-21,40,2931.48
20143,Olivia Doe,olivia.doe@example.com,2023-09-29,2023-12-04,41,3838.13
79362,Olivia Johnson,olivia.johnson@example.com,2023-05-20,2023-10-09,23,2669.15
80760,Alex Davis,alex.davis@example.com,2023-04-22,2023-09-30,21,3946.67
21906,Sara Brown,sara.brown@example.com,2023-11-17,2024-05-15,31,2431.04
64472,Emily Brown,emily.brown@example.com,2023-03-23,2023-06-17,40,6485.02
36534,Alex Doe,alex.doe@example.com,2023-10-19,2023-10-28,21,1162.2
44686,Emily Davis,emily.davis@example.com,2023-04-03,2023-10-11,25,666.96
84877,Emily Brown,emily.brown@example.com,2023-11-21,2024-03-04,37,6184.0
83665,Michael Garcia,michael.garcia@example.com,2023-02-27,2023-07-14,21,1374.24
15713,Alex Martinez,alex.martinez@example.com,2023-02-15,2023-07-13,35,3509.88
4287,Olivia Smith,olivia.smith@example.com,2023-08-28,2024-01-17,28,3711.71
85575,Jane Smith,jane.smith@example.com,2023-01-13,2023-07-05,30,5019.74
44688,Robert Smith,robert.smith@example.com,2023-10-28,2023-12-15,1,139.71
92358,Olivia Smith,olivia.smith@example.com,2023-12-02,2024-05-05,11,1461.16
67744,Chris Miller,chris.miller@example.com,2023-05-10,2023-08-28,34,851.83
60478,Michael Brown,michael.brown@example.com,2023-06-21,2023-09-30,42,7562.79
83556,Emily Brown,emily.brown@example.com,2023-05-19,2023-08-25,18,1887.02
51426,Emily Johnson,emily.johnson@example.com,2023-11-13,2024-01-04,40,5144.69
72781,John Johnson,john.johnson@example.com,2023-12-14,2024-06-15,27,1625.9
42835,Michael Martinez,michael.martinez@example.com,2023-03-29,2023-05-02,20,2311.02
99525,Linda Garcia,linda.garcia@example.com,2023-07-21,2023-11-29,30,3586.87
55810,Alex Davis,alex.davis@example.com,2023-02-24,2023-04-09,37,2387.24
19917,Linda Johnson,linda.johnson@example.com,2023-08-18,2023-12-25,10,1885.8
49282,Jane Davis,jane.davis@example.com,2023-07-15,2023-08-16,17,2233.08
8143,Michael Garcia,michael.garcia@example.com,2023-12-17,2024-02-08,11,1965.74
93847,Michael Brown,michael.brown@example.com,2023-03-21,2023-04-28,38,3081.02
50884,Alex Johnson,alex.johnson@example.com,2023-11-16,2024-01-10,42,3671.63
95012,Jane Doe,jane.doe@example.com,2023-11-01,2024-03-07,45,3777.95
80336,Alex Garcia,alex.garcia@example.com,2023-10-22,2024-01-30,27,2661.77
9657,Jane Davis,jane.davis@example.com,2023-11-21,2024-03-23,7,1198.52
91003,Jane Garcia,jane.garcia@example.com,2023-12-09,2024-01-17,14,1528.27
9047,Sara Martinez,sara.martinez@example.com,2023-10-03,2023-10-14,47,2393.47
30512,Linda Doe,linda.doe@example.com,2023-02-21,2023-08-18,41,826.01
52877,Alex Doe,alex.doe@example.com,2023-04-28,2023-07-15,41,7442.22
75520,Jane Davis,jane.davis@example.com,2023-01-30,2023-03-27,12,1729.65
64736,Emily Brown,emily.brown@example.com,2023-12-20,2024-03-19,4,799.58
26479,John Garcia,john.garcia@example.com,2023-10-16,2023-10-27,44,3125.9
16722,Linda Smith,linda.smith@example.com,2023-03-25,2023-08-11,24,1082.04
67290,Alex Smith,alex.smith@example.com,2023-11-24,2024-03-18,48,5814.98
75792,Robert Davis,robert.davis@example.com,2023-10-06,2024-02-16,27,2314.51
64471,Emily Brown,emily.brown@example.com,2023-08-30,2023-11-07,25,3872.92
55847,Alex Johnson,alex.johnson@example.com,2023-06-10,2023-08-28,40,6286.29
5706,Robert Miller,robert.miller@example.com,2023-10-23,2024-01-31,1,116.14
49225,Jane Miller,jane.miller@example.com,2023-01-26,2023-02-22,5,816.27
94228,John Miller,john.miller@example.com,2023-04-06,2023-08-13,32,2250.3
88321,Michael Johnson,michael.johnson@example.com,2023-02-21,2023-06-12,35,1772.78
14328,Chris Davis,chris.davis@example.com,2023-05-20,2023-06-27,11,1462.56
28548,Michael Martinez,michael.martinez@example.com,2023-02-15,2023-02-25,42,7745.9
99129,Olivia Miller,olivia.miller@example.com,2023-12-13,2024-06-03,14,794.68
99703,Linda Martinez,linda.martinez@example.com,2023-03-07,2023-08-16,45,2573.35
36110,Jane Brown,jane.brown@example.com,2023-10-21,2023-12-24,21,3825.28
63161,Michael Miller,michael.miller@example.com,2023-03-01,2023-05-14,40,5051.48
10790,Sara Brown,sara.brown@example.com,2023-10-09,2023-12-26,27,2519.83
70886,Michael Brown,michael.brown@example.com,2023-01-18,2023-04-09,42,2036.05
74841,Michael Garcia,michael.garcia@example.com,2023-10-20,2023-11-19,29,1566.47
67210,Olivia Johnson,olivia.johnson@example.com,2023-03-25,2023-04-29,34,1919.28
35665,Jane Doe,jane.doe@example.com,2023-10-09,2023-12-02,41,5561.71
40533,Jane Brown,jane.brown@example.com,2023-06-21,2024-01-06,2,249.58
30782,Emily Miller,emily.miller@example.com,2023-09-12,2024-02-26,32,4959.3
66605,Emily Smith,emily.smith@example.com,2023-01-12,2023-02-18,49,7553.68
60500,Chris Martinez,chris.martinez@example.com,2023-09-06,2023-09-10,26,2235.09
70562,John Davis,john.davis@example.com,2023-04-02,2023-04-07,28,772.43
68004,Alex Davis,alex.davis@example.com,2023-08-07,2023-08-29,30,4450.65
14513,Emily Brown,emily.brown@example.com,2023-07-16,2023-08-15,17,3017.28
3667,John Garcia,john.garcia@example.com,2023-07-31,2023-08-13,7,692.74
46837,Emily Davis,emily.davis@example.com,2023-02-02,2023-04-16,49,1152.96
1456,Robert Doe,robert.doe@example.com,2023-08-01,2023-08-26,27,3498.02
36653,Olivia Smith,olivia.smith@example.com,2023-11-13,2024-03-07,46,8737.73
48478,John Johnson,john.johnson@example.com,2023-12-21,2024-06-12,5,819.22
60009,Jane Johnson,jane.johnson@example.com,2023-09-05,2024-02-07,15,661.86
22000,Michael Davis,michael.davis@example.com,2023-08-13,2024-02-28,1,102.43
20467,John Johnson,john.johnson@example.com,2023-09-27,2024-03-07,4,90.69
93165,Jane Miller,jane.miller@example.com,2023-02-15,2023-06-22,37,1930.99
38098,Linda Davis,linda.davis@example.com,2023-07-17,2023-08-06,36,1401.01
50828,Chris Martinez,chris.martinez@example.com,2023-04-25,2023-07-20,11,373.37
4154,Robert Smith,robert.smith@example.com,2023-03-01,2023-04-18,38,3169.66
91821,John Johnson,john.johnson@example.com,2023-02-26,2023-04-08,44,4203.17
25442,Chris Smith,chris.smith@example.com,2023-07-22,2023-09-01,27,4101.45
28576,Jane Brown,jane.brown@example.com,2023-11-28,2024-02-08,27,4276.65
47811,Chris Johnson,chris.johnson@example.com,2023-01-31,2023-03-26,8,1157.65
65440,Michael Doe,michael.doe@example.com,2023-04-09,2023-09-18,28,4317.15
7852,Robert Brown,robert.brown@example.com,2023-02-01,2023-03-20,31,5752.75
76197,Linda Davis,linda.davis@example.com,2023-11-28,2024-02-11,25,2373.19
81945,Michael Miller,michael.miller@example.com,2023-06-17,2023-07-27,26,3461.83
26111,Chris Miller,chris.miller@example.com,2023-01-28,2023-06-13,11,1623.92
32708,Alex Johnson,alex.johnson@example.com,2023-05-18,2023-11-08,25,3959.25
66589,Robert Davis,robert.davis@example.com,2023-11-03,2024-01-26,43,1499.82
30083,Chris Johnson,chris.johnson@example.com,2023-05-25,2023-11-28,48,9333.11
12750,Robert Smith,robert.smith@example.com,2023-04-04,2023-07-23,3,191.21
49417,Linda Garcia,linda.garcia@example.com,2023-12-14,2024-04-03,20,2651.75
80019,Robert Miller,robert.miller@example.com,2023-08-07,2023-08-14,36,4425.64
6519,Emily Doe,emily.doe@example.com,2023-06-14,2023-11-01,10,1159.74
81944,Michael Miller,michael.miller@example.com,2023-07-11,2023-09-20,34,1482.01
83460,Chris Johnson,chris.johnson@example.com,2023-05-12,2023-08-06,7,1265.3
95209,John Johnson,john.johnson@example.com,2023-02-24,2023-09-03,6,926.33
54912,Michael Doe,michael.doe@example.com,2023-10-31,2023-11-07,28,5371.86
